id,pos,flr,flg,eg,er,fg,op
1,702,906,677,0.1891,6.07064,1.17786,14.8936
2,160,386,713,0.195,6.2608,0.0941265,16.9811
3,851,20400,3700,0.0664,0.717416,2.24244,38.2166
4,42,900,7500,0.0592,1.90123,7.64331,60.1626
5,50,486,4350,0.5112,16.4095,0.3729,61.9403
6,24,991,7500,0.0644,2.06862,0.313541,54.5455
7,135,877,1600,0.0816,2.61878,3.93798,63.6771
8,33,591,4147,0.2726,8.75165,0.3679,54.4643
9,2,22,294,0.2832,9.09091,3.87597,100.0
10,26,541,5400,0.0688,2.20785,5.7163,69.863
11,11,136,976,0.481,15.4412,1.43431,50.7246
12,51,1100,7100,0.1781,5.71717,0.8524,84.8101
13,4,337,602,0.1641,5.26706,2.22892,42.5532
14,13,343,2000,0.2837,9.10518,0.716253,81.1111
15,12,537,2200,0.2437,7.82123,3.84154,56.6038
16,33,94,47,0.5155,16.5485,7.91989,83.2
17,519,1900,7400,0.3914,12.5643,4.73373,40.1198
18,137,406,916,0.1368,4.39245,10.0,59.7222
19,304,625,372,0.365,11.7156,3.60752,24.234
20,285,580,4296,0.0385,1.23563,3.4334,22.5
21,5,471,2115,0.9436,30.2902,0.3499,57.2254
22,11,314,771,0.2351,7.54777,10.0,0.0
23,17,1100,3300,0.6315,20.2727,3.41645,87.8966
24,24,331,781,0.2965,9.51661,8.73224,55.2083
25,17,147,188,0.5906,18.9569,3.68116,0.0
26,177,1100,4500,0.088,2.82323,0.6005,36.1345
27,399,885,6200,0.0374,1.199,0.239751,33.3333
28,48,910,3600,0.1352,4.34066,1.00032,29.8969
29,241,3400,1600,0.6784,12.2108,1.11607,28.0519
30,93,1900,5100,0.1958,6.28363,-0.909091,32.4717
31,44,155,999,0.3294,10.5735,0.9661,57.5758
32,223,2200,5800,0.2584,4.65152,0.876424,35.7651
33,3,303,476,0.3427,11.0011,9.44481,60.2941
34,27,183,210,0.8001,25.6831,7.1525,47.8261
35,7,154,464,0.1955,6.27706,3.60577,16.6667
36,213,863,4728,0.0068,0.218875,0.4093,30.7692
37,11,46,190,0.0431,1.3834,10.0,100.0
38,21,526,499,0.8351,26.8061,0.267963,0.0
39,7,96,29,0.2318,7.44048,-0.187441,68.4211
40,20,521,1256,0.3199,10.2687,1.5969,36.0902
41,12,281,144,0.6813,21.8699,0.128,46.25
42,107,490,497,0.5655,18.1513,-0.0365867,14.4981
43,12,5700,4100,0.2411,3.54386,-0.311591,49.0291
44,479,809,1700,0.0732,2.34858,-0.0437768,18.4615
45,230,433,2800,0.2253,7.23152,0.381313,40.5063
46,538,1600,7500,0.0162,0.520833,1.16959,72.5
47,101,1300,7500,0.0233,0.747863,0.766,32.6531
48,1300,673,1400,0.1222,3.92108,-0.1129,23.6641
49,11,454,439,0.669,21.4758,10.0,33.3333
50,28,497,841,0.5875,18.8576,2.14436,63.5514
51,23,109,226,0.5632,18.0788,6.21261,32.8571
52,76,293,592,0.6627,21.2742,0.631,44.1767
53,51,436,310,0.9193,29.5107,2.44729,40.2632
54,41,365,223,0.5493,17.631,0.7235,45.8182
55,112,910,2200,0.3653,11.7277,0.748908,40.5512
56,9,219,1100,0.0901,2.89193,10.0,47.619
57,80,635,2300,0.4116,13.2108,0.996678,70.6597
58,14,242,623,0.4763,15.2893,-1.38793,36.612
59,45,1100,896,0.6207,19.9242,0.656,15.3968
60,45,1200,546,0.1941,6.23148,1.64294,29.7872
61,78,355,515,0.7444,23.8967,0.527009,49.1607
62,85,1000,479,0.2371,7.61176,10.0,26.5672
63,93,611,411,0.8906,28.587,3.77068,26.8657
64,175,238,214,0.7286,23.3894,0.710265,84.0355
65,41,470,1300,0.5638,18.0969,0.441076,43.3333
66,133,649,1100,0.6915,22.1965,-0.652339,22.3618
67,102,1000,971,0.171,5.48889,0.767,27.8351
68,229,653,759,0.176,5.64914,1.48956,45.2915
69,354,3000,7500,0.0157,0.283333,0.6432,90.0
70,406,2800,885,0.786,14.1488,-0.61212,65.8385
71,52,910,5268,0.0818,2.62515,1.2084,72.8261
72,71,572,4800,0.2717,8.72183,-0.776398,46.4286
73,23,545,3200,0.1794,5.75943,0.100031,70.1681
74,32,138,368,0.7224,23.1884,0.932008,8.3333
75,551,1400,1000,0.4197,13.4722,1.0423,45.3888
76,134,667,1000,0.13,4.17291,0.382848,28.8732
77,245,918,5800,0.0534,1.71266,-0.519481,61.4286
78,33,1100,4700,0.0648,2.08081,1.1797,77.5281
79,57,1300,7500,0.0455,1.46154,10.0,0.0
80,46,669,4300,0.1037,3.33001,-0.496101,41.844
81,39,629,3300,0.0735,2.35824,0.199775,54.023
82,23,399,3300,0.4017,12.8933,-0.867867,72.561
83,15,449,3100,0.0509,1.63326,-0.432163,60.0
84,147,1900,5900,0.0216,0.692982,-0.898204,34.0659
85,1500,135,688,0.0423,1.35802,1.2104,42.8571
86,26,182,181,0.1607,5.15873,-0.197628,38.8889
87,209,14800,6900,0.0212,0.228979,1.17015,66.7774
88,52,410,4100,0.3634,11.6667,10.0,87.6333
89,4,21,80,1.0,50.0,0.5496,0.0
90,30,1100,801,0.3873,12.4332,10.0,79.5637
91,67,247,273,0.2558,8.20963,0.852625,58.9404
92,71,14800,74,0.1068,1.15315,-0.569995,38.2716
93,3,653,2300,0.0429,1.37825,0.551086,71.4286
94,189,1100,6400,0.016,0.513369,10.0,57.1429
95,63,294,823,1.0,34.4482,-5.0,85.3846
96,87,1200,3400,0.2259,7.25,10.0,21.8391
97,91,1700,6700,0.1384,4.44118,0.7441,46.0317
98,225,1300,6700,0.1673,5.3718,0.897,62.7404
99,41,1600,3900,0.0349,1.12153,-1.94932,35.7724
100,76,942,2400,0.2104,6.75277,4.21438,47.013
101,2,134,1600,0.2209,7.08955,8.43799,90.9091
102,78,1100,4300,0.0628,2.01515,6.28191,33.1081
103,108,391,545,0.6478,20.7948,5.78828,57.4899
104,151,514,461,0.1529,4.90705,0.0354421,64.2202
105,20,63,22,0.0791,2.53968,10.0,60.0
106,1800,3300,969,0.0925,1.66498,2.40577,18.0124
107,9,1300,1174,0.5959,19.1282,1.3607,100.0
108,6,1500,2100,0.2278,7.31111,1.2152,56.5574
109,7,3000,6800,1.0,27.819,1.0204,95.8279
110,54,883,3877,0.175,5.61721,0.1828,66.9725
111,2,687,7000,0.5011,16.0844,-0.78028,91.1565
112,34,576,7400,0.0735,2.35907,1.80961,87.0229
113,25,500,3000,0.1272,4.08235,1.50175,88.3333
114,254,361,593,0.2488,7.98707,10.0,45.1613
115,51,142,165,0.674,21.6354,0.7563,35.3659
116,5,22,31,0.1416,4.54545,10.0,100.0
117,68,1600,3400,0.0228,0.731618,1.22699,55.7522
118,22,676,550,1.0,34.7633,4.70689,24.1877
119,20,731,811,0.829,26.6119,3.74992,0.0
120,1800,7800,824,0.1113,1.63626,6.3888,49.6826
121,99,2000,7500,0.0016,0.05,0.7852,83.3333
122,3200,9600,7500,0.0023,0.0341435,0.559388,25.7143
123,4200,2700,7500,0.0111,0.199588,0.666963,38.4615
124,60,921,1100,0.2941,9.43987,-0.0572956,26.9103
125,130,2100,4800,0.033,0.593651,0.898204,27.9412
126,580,2400,6900,0.0195,0.351852,0.767263,19.6078
127,9,1100,4700,0.2367,7.5974,1.81818,77.1084
128,329,1200,2300,0.0956,3.06944,-1.38185,91.2913
129,282,1600,4000,0.0869,2.78819,0.8263,80.7692
130,3500,964,1300,0.0747,2.39627,0.53785,15.493
131,4,429,3400,0.2051,6.58508,2.01681,67.6923
132,244,2000,4400,0.0714,2.29167,-0.85034,25.9649
133,92,750,4400,0.0905,2.9037,5.0458,32.5
134,80,1300,3045,0.025,0.803419,0.5069,52.6882
135,2700,1800,7500,0.0197,0.632716,0.9474,91.6667
136,6,70,426,1.0,41.4286,-0.254539,90.3614
137,248,2300,4900,0.3365,6.05707,0.802139,31.3625
138,336,1300,2700,0.0105,0.337607,8.71087,47.619
139,236,484,2900,0.2138,6.8641,-0.686788,53.8043
140,299,859,1600,0.3349,10.7489,1.00514,26.6833
141,132,797,1600,0.2148,6.89391,0.825203,76.1307
142,18,1800,1900,0.0731,2.34722,0.9629,70.8
143,96,634,2400,0.2992,9.60393,3.10847,27.9167
144,12,434,883,0.3595,11.5399,0.0862664,65.0602
145,493,1700,3800,0.0057,0.183007,0.5221,37.037
146,910,1300,7500,0.0624,2.00427,0.6356,73.8372
147,42,1600,6200,0.1591,5.10625,1.26582,52.4164
148,277,315,1100,0.0412,1.32275,0.507636,69.697
149,1,275,928,0.657,21.0909,1.94805,65.4545
150,110,448,1600,0.141,4.52629,9.91894,98.75
151,67,261,604,0.179,5.74713,10.0,14.2857
152,7,652,1400,0.2396,7.69063,2.34302,73.1844
153,6,252,777,0.3121,10.0198,10.0,30.2326
154,6,94,248,0.3646,11.7021,2.2748,73.6842
155,140,1300,559,0.5715,18.3461,0.9619,0.0
156,29,787,1300,0.1955,6.27559,2.57872,40.1606
157,778,5700,2200,0.2816,4.13938,0.686106,31.058
158,7,162,19,0.6868,22.0458,-1.01868,88.1579
159,2,998,6600,0.2965,9.51904,-0.038961,74.2857
160,102,271,1200,0.159,5.10455,0.87419,53.2258
161,1,367,3600,0.034,1.08992,1.76893,50.0
162,154,507,1500,0.0925,2.96954,5.95199,28.2609
163,11,1000,4900,0.0935,3.0,-1.80614,45.3237
164,26,179,795,0.1895,6.08318,-0.733138,78.7879
165,31,566,1400,0.0532,1.70789,4.15669,87.5
166,21,1600,2871,0.5902,18.9449,5.9172,48.3796
167,518,1800,6100,0.1994,6.40123,10.0,72.643
168,466,807,2800,0.1493,4.79377,0.0911217,13.7931
169,160,748,699,0.1037,3.32739,0.198972,16.2162
170,167,793,4400,0.1416,4.54673,-0.0689423,44.5415
171,7,312,575,0.2582,8.28754,0.256323,57.4468
172,99,57,75,0.0547,1.75439,5.67875,70.0
173,8,187,1300,1.0,34.1578,0.294657,88.6628
174,295,330,1400,0.0456,1.46465,4.30321,15.7895
175,103,770,1800,0.1861,5.97403,8.33427,25.9036
176,80,61,310,0.0794,2.55009,8.55798,41.6667
177,977,1000,2600,0.0424,1.36111,1.2606,33.3333
178,10,150,1377,1.0,39.8,1.268,87.3134
179,300,1800,3400,0.0738,2.36928,10.0,11.7089
180,117,849,3147,0.0287,0.922654,0.0419,72.5806
181,8,365,483,1.0,37.7169,0.5,0.0
182,236,1100,2100,0.0972,3.12121,3.52409,31.1224
183,17,854,991,0.4611,14.8029,0.0214451,45.0633
184,4,951,467,1.0,34.6477,0.0949,39.5659
185,55,1000,4000,0.3243,10.4111,3.31504,0.0
186,278,2300,3200,0.6224,11.2029,1.70068,31.831
187,32,1400,6200,0.187,6.00397,1.2402,66.5079
188,10,3400,6200,0.2925,5.26471,-1.06838,72.2222
189,28,1500,881,0.9104,29.2238,1.40056,0.0
190,126,1400,502,0.2539,8.15079,8.16309,59.2593
191,323,680,5400,0.0621,1.99346,10.0,58.1081
192,42,1700,1000,0.5262,16.8922,1.12952,42.8571
193,21,155,4500,1.0,36.129,-1.29931,98.4655
194,31,242,663,0.0729,2.3416,2.12418,43.5897
195,1700,1000,1200,0.3235,10.3833,10.0,26.6525
196,449,1300,7100,0.0292,0.938462,-1.35624,80.0
197,6,165,50,0.2392,7.67676,0.805524,41.8605
198,630,1900,3600,0.0732,2.35088,10.0,19.4805
199,999,994,1700,0.1196,3.8397,0.549182,24.6753
200,33,73,606,0.1588,5.09893,-0.2457,66.6667
201,95,1200,6300,0.1327,4.25926,1.64294,48.8636
202,29,246,1100,0.617,19.8058,1.78571,82.7586
203,1,241,353,0.879,28.2158,-0.390869,35.2941
204,60,216,639,0.484,15.535,10.0,69.2308
205,66,680,36,0.2451,7.86764,2.22724,41.1215
206,27,283,513,0.1829,5.86965,10.0,44.086
207,144,896,2000,0.2498,8.01711,1.47531,42.2897
208,128,1800,5500,0.2825,9.06746,0.6635,44.8071
209,22,186,842,0.2447,7.85544,1.4878,52.8736
210,2,26,29,0.5991,19.2308,1.4268,50.0
211,16,210,597,0.3036,9.74603,-0.894139,72.8814
212,35,2200,6600,0.0411,0.739899,1.3074,71.8182
213,140,1200,7500,0.0316,1.01389,1.5949,56.8627
214,3800,5100,2500,0.0044,0.0642702,1.4417,33.3333
215,101,1900,4500,0.1132,3.63313,2.07612,31.2597
216,38,13400,6500,0.236,2.54851,1.4388,52.1363
217,59,403,1100,0.2894,9.2897,1.38464,41.206
218,33,553,2800,0.1765,5.66607,1.11336,87.7551
219,124,651,5000,0.097,3.11487,1.27171,59.5506
220,234,13300,7300,0.02,0.216374,-0.132474,39.8438
221,213,1700,6000,0.027,0.866012,2.32558,55.102
222,147,841,3300,0.0696,2.23279,0.92763,17.3469
223,24,1100,3400,0.0354,1.13636,0.5969,0.0
224,19,733,4300,0.11,3.53191,1.98161,74.2857
225,472,542,2500,0.0262,0.840508,7.97074,46.6667
226,251,532,2765,0.0514,1.64996,1.5703,10.8696
227,100,5700,4800,0.0184,0.270468,1.1605,78.5714
228,1900,706,1700,0.2339,7.50708,5.7177,33.9181
229,50,3300,2140,0.8233,14.82,-0.519,42.5629
230,304,1600,7500,0.1154,3.70417,10.0,24.7788
231,29,1100,4900,0.1414,4.53896,9.25422,63.3663
232,3,1500,2580,0.5836,18.7333,1.2968,77.7778
233,40,466,1600,0.2668,8.56418,2.92942,58.7786
234,30,1200,3800,0.2628,8.43518,1.62338,49.375
235,463,2100,6200,0.2745,4.9418,0.9878,30.5785
236,150,1900,6800,0.2367,7.59649,4.73373,61.6667
237,661,1700,3200,0.2354,7.55709,0.6306,33.9066
238,70,1200,6900,0.2756,8.84722,3.93956,50.4386
239,41,1200,4100,0.304,9.75758,1.64294,46.056
240,57,787,2300,0.5324,17.0902,1.06382,39.0863
241,10,85,111,0.8649,27.7647,0.2113,42.029
242,196,2600,6100,0.0934,1.68162,1.49701,38.0228
243,89,2500,4300,0.3507,6.31333,1.53453,55.3826
244,8,1900,1200,0.3037,9.75,-0.914634,52.8771
245,43,1500,4659,0.4238,13.6051,0.7307,51.75
246,28,1400,206,0.9483,30.4412,1.3819,44.4996
247,29,1500,1200,0.244,7.83333,1.284,99.0809
248,5,1500,1100,0.2887,9.26667,1.2965,44.3709
249,62,1400,6600,0.2335,7.49405,3.01205,45.3875
250,6,222,442,0.4982,15.991,-0.08203,30.5882
251,66,2300,3000,0.4818,8.6715,1.7316,38.5507
252,22,923,4100,0.3346,10.7414,0.2767,83.8068
253,13,3600,7042,0.781,14.0577,0.5133,53.4323
254,26,2000,4500,0.3716,11.9294,4.51807,46.8625
255,1,938,3100,0.1096,3.51812,-0.578164,76.6667
256,6,1800,3200,0.2613,8.38889,1.07604,56.3636
257,133,1400,3500,0.2521,8.09127,1.40713,42.766
258,53,2400,6795,0.3841,6.91435,1.4001,43.6275
259,8,2300,5900,0.8092,14.5652,0.8908,99.3884
260,142,1900,1600,0.4166,13.3743,1.01626,0.0
261,214,412,1600,0.5306,17.0307,2.47253,34.5946
262,1200,1800,7400,0.0043,0.138889,1.10294,27.2727
263,2,311,1400,0.9917,31.8328,1.63968,83.9695
264,103,2500,2400,0.188,3.38462,-0.749251,0.0
265,65,154,482,0.145,4.65368,10.0,26.6667
266,172,3000,6600,0.1642,2.95555,0.619451,21.2919
267,295,539,3600,0.1539,4.9397,2.92398,0.0
268,193,3500,2300,0.0508,0.914286,-0.511247,79.8319
269,105,1800,6900,0.3487,11.1944,0.5984,51.9802
270,1200,8900,5700,0.037,0.544569,0.866113,73.5135
271,6,242,2300,0.0322,1.03306,1.1371,80.0
272,24,1000,4800,0.1769,5.67778,0.952,99.8168
273,20,634,2,1.0,35.2463,-0.0545316,30.9859
274,120,1500,1500,0.2402,7.71111,1.3885,27.5248
275,243,687,652,0.8009,25.7076,2.74284,85.9107
276,71,441,192,0.4246,13.6306,0.124533,49.2806
277,6,283,450,0.9852,31.6254,1.90606,34.1969
278,27,3700,1800,0.6094,10.97,-0.932401,38.0984
279,25,414,346,0.6892,22.1228,0.928563,0.0
280,188,718,3000,0.3076,9.87311,-0.0756525,39.9441
281,96,299,1300,0.2773,8.90003,0.496833,55.5556
282,59,1100,1400,0.436,13.9949,10.0,29.2343
283,194,681,1200,0.4064,13.0445,0.603324,45.5285
284,33,339,1300,0.0781,2.50737,4.31321,36.3636
285,37,375,502,0.6249,20.0593,0.933707,36.7003
286,195,1900,6400,0.2219,7.1228,1.084,22.0532
287,11,282,1400,0.2862,9.18763,1.04683,64.539
288,314,1300,4100,0.2291,7.3547,1.0747,26.6881
289,39,1400,1900,0.188,6.03571,0.5557,0.0
290,2,108,204,0.5769,18.5185,4.23472,21.4286
291,647,12700,905,0.1075,1.16072,-0.271998,51.7007
292,85,1500,1500,0.0513,1.64706,0.6547,55.6338
293,6,1500,7074,0.3011,9.66667,1.2459,0.0
294,68,1500,6900,0.1771,5.68518,1.0889,76.2004
295,981,2400,4200,0.01,0.180556,0.9502,36.3636
296,187,215,697,0.2165,6.9509,-0.906942,74.0741
297,7,474,1500,0.108,3.46594,8.53559,59.4595
298,46,640,389,0.7496,24.0625,2.05534,41.8944
299,177,262,249,0.4578,14.6947,-2.76415,52.9412
300,8,193,57,0.3349,10.7513,10.0,31.9149
301,64,219,305,0.3732,11.9796,0.163608,39.4495
302,5,90,45,0.6715,21.5555,-0.392876,29.5455
303,22,10000,1600,0.175,2.57267,-1.51041,75.9508
304,30,65,55,0.6683,21.453,-0.536241,67.4699
305,26,348,364,0.3163,10.1533,2.443,69.9588
306,51,347,487,0.7846,25.1841,0.54281,50.0
307,31,1300,1500,0.4814,15.453,1.50602,59.5238
308,21,1800,822,0.2228,7.15278,1.09609,31.8735
309,37,1000,644,0.2835,9.1,0.288642,64.9886
310,240,1100,7200,0.0916,2.93939,3.12196,78.9474
311,10,1100,847,0.5579,17.9091,0.6912,32.7083
312,22,1300,1400,0.5774,18.5342,1.49701,41.9355
313,235,1200,7400,0.1686,5.41204,10.0,85.1097
314,39,527,899,0.4708,15.1133,1.38128,0.0
315,38,195,207,0.7978,25.6109,4.19719,45.3125
316,71,475,920,0.5207,16.7134,0.428438,33.4405
317,14,392,363,0.8497,27.2763,0.574163,45.5331
318,26,884,766,0.7898,25.3519,0.491653,23.5808
319,34,207,560,0.4038,12.963,1.20378,47.651
320,32,640,903,0.2896,9.29688,0.58651,29.6552
321,218,681,4700,0.0653,2.09659,-0.515615,56.7568
322,16,1000,403,0.2357,7.56667,1.2961,33.5196
323,38,1100,1900,0.211,6.77272,1.86335,30.662
324,292,1300,1706,0.4419,14.1838,1.34,48.3051
325,102,539,910,0.314,10.0804,0.3376,18.8482
326,226,1500,209,0.3408,10.9412,0.9309,95.0936
327,364,819,965,0.5198,16.687,0.801968,20.1439
328,86,251,258,0.322,10.3364,-0.285205,46.9799
329,314,902,841,0.211,6.77384,0.281532,12.2066
330,413,2000,1015,0.3461,11.1111,1.366,20.1613
331,95,794,1100,0.4425,14.2037,2.0089,17.801
332,16,444,2500,0.2381,7.64358,0.913719,0.0
333,61,739,660,0.6621,21.2524,0.407301,32.2176
334,295,1300,1100,0.2956,9.48868,1.3661,17.7738
335,57,1300,983,0.3945,12.6624,1.489,30.6667
336,63,1400,1000,0.5721,18.3655,0.9731,23.7074
337,28,965,836,0.6887,22.1071,-0.0607681,22.4168
338,43,256,325,0.6213,19.9436,2.75125,34.375
339,27,924,587,0.9059,29.0787,0.3749,43.2918
340,34,233,434,0.5029,16.1421,0.7132,40.5405
341,12,257,358,0.5984,19.2076,1.86152,41.0448
342,15,140,211,0.8042,25.8163,4.04858,37.931
343,2,250,1100,0.8847,28.4,3.42173,42.8571
344,24,1200,660,0.6255,20.0784,8.18285,58.1311
345,24,150,297,0.5734,18.4074,1.42162,25.3333
346,52,476,1600,0.368,11.8114,1.8869,55.4817
347,11,331,353,0.4455,14.3001,2.01342,45.8824
348,33,306,770,0.6957,22.3312,3.38266,57.4534
349,35,1200,550,1.0,32.5093,1.64294,45.9411
350,72,815,477,0.2999,9.62781,0.0441921,33.4677
351,100,902,452,0.6817,21.8835,3.38454,32.381
352,38,325,714,0.4106,13.1795,-0.699301,48.1013
353,36,149,359,0.3043,9.76883,0.6314,0.0
354,56,360,488,0.7985,25.6327,-0.590087,53.0387
355,24,683,1500,0.6021,19.3265,2.97352,32.5
356,27,198,2000,0.5516,17.7048,1.18017,83.0827
357,99,1100,1300,0.3033,9.73486,4.04125,31.9035
358,80,862,2300,0.4025,12.9205,8.1589,27.9863
359,87,684,191,0.1222,3.92157,-1.19372,82.7273
360,195,1300,1600,0.1733,5.56411,1.2333,48.0226
361,37,1100,1800,0.5005,16.0657,0.9934,75.5088
362,4,216,838,0.2163,6.94444,10.0,40.9091
363,286,2200,1000,0.0652,1.17424,0.9921,17.9245
364,31,261,1200,0.2661,8.54181,4.87805,55.2239
365,6,840,1200,0.1687,5.41667,0.30631,22.7273
366,60,380,1600,0.2291,7.35381,-0.239025,80.9302
367,232,1400,6500,0.2123,6.81513,-1.1976,80.1693
368,17,496,326,0.3192,10.2456,4.79763,30.2703
369,40,924,7235,0.0871,2.79582,-0.0574,53.9216
370,33,5500,3300,0.3938,5.78889,1.387,49.9572
371,2,314,527,1.0,50.0,3.72553,44.5205
372,87,170,470,0.3655,11.732,9.11611,60.0
373,14,90,359,0.4183,13.4259,1.94932,74.5098
374,2100,1000,7500,0.0064,0.205556,4.39147,34.7826
375,12,203,301,0.5013,16.092,2.45265,56.7797
376,4,494,689,0.5739,18.4211,7.62148,91.6667
377,3,1000,342,0.2103,6.75,-1.6331,56.25
378,1,492,3700,0.3103,9.95935,3.88967,86.8421
379,12,696,75,0.009,0.287356,-0.766006,20.0
380,21,400,375,0.8845,28.3929,10.0,38.5
381,13,213,419,0.4961,15.9263,0.437063,39.4161
382,63,2300,3000,0.6657,11.9833,0.816549,36.0927
383,2,102,168,0.5498,17.6471,10.0,0.0
384,108,289,65,0.5426,17.4164,10.0,48.0
385,12,186,372,0.7453,23.9247,10.0,41.2698
386,36,3900,1100,0.7024,12.6425,-0.892326,90.4004
387,95,179,131,0.4761,15.2833,0.6157,0.0
388,264,1400,1400,0.4109,13.1905,1.37363,34.1732
389,18,858,481,0.3175,10.1928,1.13197,44.8925
390,48,756,6000,0.152,4.87862,-0.234518,76.4179
391,8,505,695,0.7711,24.7525,4.91639,62.3762
392,24,516,1648,0.5276,16.9358,0.389,30.0341
393,65,1700,1600,0.5823,18.6921,0.7207,0.0
394,2,924,3300,0.5091,16.342,0.176696,48.2759
395,41,138,218,0.5004,16.0628,1.4119,0.0
396,130,701,3000,0.2345,7.52892,0.668354,50.5556
397,562,11800,2400,0.3766,4.06733,4.81734,83.125
398,18,536,697,1.0,45.3358,5.77601,45.8333
399,13,101,196,0.437,14.0264,1.7895,0.0
400,19,332,574,0.1648,5.28991,0.937647,22.3404
401,22,161,126,0.8998,28.882,10.0,21.8391
402,87,294,516,0.3453,11.0844,3.79295,40.678
403,176,485,639,0.3486,11.1913,10.0,38.2775
404,28,281,390,0.6867,22.0443,10.0,49.8294
405,190,256,188,0.2508,8.05122,5.97042,59.0909
406,59,1300,399,0.4212,13.5214,3.24675,41.3509
407,25,232,509,0.3543,11.3727,7.80901,0.0
408,142,722,2374,0.1093,3.50877,0.4826,39.1304
409,18,1800,2300,0.3808,12.2222,9.03614,0.0
410,38,1400,951,0.7494,24.0556,1.3986,31.4059
411,705,1600,928,0.2424,7.78125,1.19048,26.9504
412,45,329,338,0.2799,8.98345,0.339802,32.5926
413,15,326,621,0.1408,4.51943,0.634921,46.988
414,394,1600,6600,0.0932,2.99053,1.19048,65.4428
415,7,188,335,0.7733,24.8227,4.78802,71.223
416,84,627,507,0.5637,18.0932,0.710732,20.4678
417,53,539,511,0.5163,16.5739,1.34009,52.8474
418,31,351,480,0.9797,31.4498,0.5812,51.0204
419,43,1300,433,0.2206,7.0812,6.03391,58.9041
420,174,178,165,0.5153,16.5418,0.713994,54.6512
421,55,423,168,0.151,4.84634,0.128315,77.0115
422,13,157,674,0.3205,10.2891,-0.554447,79.2683
423,9,2100,6700,0.1052,1.89418,1.1738,84.5794
424,33,2500,2600,0.0481,0.866667,-0.699301,65.3659
425,630,2800,1400,0.0186,0.335317,-0.601443,30.9524
426,24,350,697,0.4811,15.4444,4.12175,61.7225
427,4800,29600,6000,0.0116,0.107733,0.0608952,96.2264
428,87,10500,4900,0.0332,0.35873,-0.826446,63.2768
429,24,1300,112,0.0956,3.06731,-1.2605,0.0
430,26,444,2900,0.2888,9.27177,0.165289,82.2785
431,24,456,688,0.5297,17.0029,8.68565,36.4078
432,881,6800,661,0.0934,1.37311,0.263389,38.1295
433,414,3700,3000,0.158,2.84384,-0.472739,66.123
434,149,8600,1500,0.215,3.16021,-5.0,97.6316
435,7,2100,7400,0.031,0.557823,-0.811688,62.1622
436,1200,8800,7400,0.0175,0.256944,4.40681,70.6667
437,52,1200,7400,0.0363,1.16667,-1.43335,0.0
438,138,241,289,0.5896,18.9258,1.12135,27.2109
439,15,1300,842,0.9322,29.9231,1.43678,32.0946
440,77,531,996,0.3826,12.2829,3.76915,63.6364
441,8,3300,1200,0.532,9.57576,-4.17769,29.6296
442,45,580,599,0.6445,20.6897,0.158103,24.9423
443,5,71,366,1.0,37.7465,0.797307,63.3333
444,42,357,358,0.9381,30.112,10.0,81.071
445,308,593,1300,0.2291,7.35432,-0.329131,41.3793
446,171,738,1500,0.5633,18.0819,1.18784,25.4464
447,2,1100,904,0.633,20.3182,2.51054,30.719
448,17,193,131,0.8897,28.5584,1.53218,48.7437
449,11,242,330,0.9456,30.3531,0.150602,61.8868
450,2,206,1820,1.0,50.0,0.2655,0.0
451,293,3300,3000,0.3185,5.73233,1.1661,48.2472
452,73,1600,6400,0.0183,0.586806,2.52101,50.0
453,144,2500,3800,0.0661,1.18941,10.0,60.2484
454,611,2000,3800,0.0133,0.427778,-0.85034,85.5422
455,1100,7100,6200,0.0013,0.0187793,0.5039,42.8571
456,789,6300,5100,0.0177,0.260317,2.67708,30.1887
457,96,512,3900,0.0836,2.68415,-1.07717,51.3761
458,25,485,2000,0.1998,6.41466,1.03849,0.0
459,7,209,233,1.0,35.4067,0.4403,28.125
460,174,4000,2900,0.2198,3.95556,0.442087,16.1074
461,4,71,224,1.0,50.0,0.7925,95.5357
462,11,168,212,0.41,13.1614,3.57143,0.0
463,6,214,278,1.0,37.6947,0.1695,29.2929
464,3,443,1400,0.7806,25.0564,1.39034,28.8732
465,10,245,144,0.7756,24.8979,0.534759,24.1379
466,162,972,1200,0.592,19.0043,2.4398,28.1804
467,19,397,318,0.6328,20.3141,1.99278,45.5645
468,37,1200,1382,0.7296,23.4213,1.6331,31.0208
469,51,626,1100,0.5574,17.8914,2.58792,48.5194
470,21,965,740,0.4927,15.816,3.11818,22.5694
471,11,1200,7500,0.4834,15.5167,7.45513,77.2846
472,4,258,1200,1.0,45.3488,3.05748,83.871
473,3,2700,1000,1.0,25.9012,0.759109,93.5508
474,53,752,2153,0.1929,6.1909,0.1436,32.7869
475,103,490,684,0.279,8.95692,10.0,23.7113
476,104,872,985,0.3446,11.0601,10.0,34.359
477,3,166,1100,0.7694,24.6988,-0.630429,59.6491
478,87,1500,3600,0.205,6.58148,1.30662,54.2714
479,87,1700,7500,0.0314,1.00654,0.7192,45.6522
480,142,681,705,0.1214,3.89566,0.484809,41.7476
481,40,404,398,0.3419,10.9736,1.96655,100.0
482,194,2600,1100,0.5113,9.20362,1.59236,41.7311
483,47,150,146,0.0796,2.55556,7.69889,42.8571
484,255,127,216,0.2657,8.53018,1.52625,0.0
485,31,128,228,0.1859,5.96591,4.80228,0.0
486,32,443,359,0.6263,20.1028,1.93355,44.2724
487,7,684,617,0.7355,23.6111,1.76944,59.0164
488,25,1000,931,0.7838,25.1611,0.971219,21.751
489,61,356,545,0.4604,14.7784,0.522321,46.8182
490,12,954,397,0.4082,13.1027,1.90531,63.2653
491,1100,4200,7500,0.8688,15.6376,-0.436047,91.4779
492,120,918,3600,0.0703,2.25732,-0.223409,48.0
493,10,198,204,1.0,33.8384,6.33446,29.0323
494,1,637,7200,0.8265,26.5306,10.0,100.0
495,2,241,1400,0.6011,19.2946,2.76786,0.0
496,6,220,436,0.6136,19.697,1.89055,63.0252
497,48,18300,206,0.6185,6.6793,-1.29999,91.7141
498,89,1500,2200,0.0685,2.2,1.25313,47.2727
499,24,84,312,0.1216,3.90212,3.57143,70.8333
500,66,485,2,0.3835,12.3105,5.51514,32.5843
501,18,2500,1500,1.0,21.7844,10.0,69.9656
502,2000,2000,2000,0.1296,4.16071,1.0441,17.7835
503,32,192,189,0.5652,18.1424,0.6385,25.3846
504,17,2600,735,0.6531,11.7552,1.0048,25.2646
505,16,1200,798,0.5607,18.0,1.65289,44.5361
506,729,14100,747,0.0273,0.295114,-0.128041,64.6766
507,3,441,331,1.0,41.9501,1.65514,33.209
508,1900,4400,5600,0.0755,1.35985,-0.411523,31.9588
509,17,95,286,0.5504,17.6692,2.86512,62.2642
510,115,712,491,0.4846,15.5568,0.712338,34.901
511,236,351,1900,0.106,3.40297,5.77084,37.931
512,96,435,389,0.0975,3.12899,-0.0807646,58.75
513,480,2000,4200,0.2883,9.25294,4.41176,15.4624
514,454,326,730,0.0823,2.64145,0.6236,43.2836
515,29,10900,6500,0.1503,1.62283,-2.48653,92.609
516,5,892,822,0.6489,20.8296,-0.163599,78.9203
517,240,7600,125,0.0649,0.954135,0.485515,53.6264
518,319,4700,1500,0.2915,5.24781,1.21753,67.5258
519,443,1300,1700,0.1452,4.66239,1.47059,37.9661
520,58,618,6100,0.0893,2.86767,-0.508417,69.3878
521,239,803,2800,0.1841,5.9084,-0.650863,60.8844
522,52,483,1800,0.2082,6.68277,-0.220418,42.236
523,421,1300,7500,0.0261,0.837607,1.45349,23.7288
524,67,2000,3792,0.0807,2.59167,1.3189,44.898
525,12,441,1700,0.2937,9.42933,-1.22265,95.3804
526,27,4900,1800,0.076,1.36735,-0.713012,0.0
527,435,172,1200,0.0654,2.09948,-0.304311,33.3333
528,498,4300,4300,0.0882,1.58786,0.438212,54.4
529,224,1100,7400,0.076,2.43939,1.75439,23.5294
530,53,5300,7400,0.0247,0.363732,-0.657174,55.1282
531,167,2200,715,0.1685,3.03283,-0.771803,63.4204
532,30,199,1300,0.3296,10.5807,-0.180914,64.0351
533,162,2400,6300,0.2731,4.91667,0.800213,32.1343
534,718,1600,6800,0.014,0.447917,1.4703,79.5455
535,71,293,1100,0.1477,4.74023,-0.184275,80.6452
536,8,1100,7000,0.0421,1.35065,0.674,0.0
537,15,260,991,0.4937,15.8462,-0.802139,72.9167
538,395,27600,6900,0.0144,0.134058,-0.379939,32.7869
539,292,387,1500,0.0545,1.74799,1.24061,38.6364
540,146,953,2800,0.0449,1.4399,0.0567286,66.1417
541,2,1000,2000,1.0,50.0,0.6,98.4286
542,2900,1500,7500,0.0127,0.407407,2.71493,60.0
543,18,2200,5100,0.0746,1.34343,1.3484,73.8956
544,126,546,2900,0.0365,1.17013,-0.544008,61.5385
545,1000,7100,6700,0.0316,0.464789,-0.265393,71.5686
546,2900,914,2400,0.0301,0.966448,1.07833,13.7255
547,305,467,1800,0.1508,4.84178,0.0376478,48.4848
548,210,362,189,0.4638,14.8864,4.45756,14.7059
549,150,1300,7300,0.0369,1.18376,0.609,54.1284
550,114,186,379,0.1182,3.79331,-0.829111,72.5806
551,59,457,610,0.6357,20.4048,-0.0787464,24.7734
552,236,1300,7500,0.2913,9.35043,0.9923,57.161
553,1,258,2600,1.0,50.0,-0.279278,98.4375
554,66,1000,7276,0.2437,7.82222,1.4261,94.8995
555,247,1600,1100,0.1848,5.93056,0.7194,24.1784
556,72,939,1200,0.2287,7.34233,0.562379,18.1034
557,1233,794,1455,0.2069,6.64008,-0.0223,31.4516
558,529,534,519,0.6395,20.5264,1.06929,13.9205
559,97,601,583,0.5823,18.6911,0.433638,22.9282
560,645,5200,2300,1.0,16.6934,-0.673401,90.4469
561,85,370,235,0.4925,15.8108,0.0495737,31.0345
562,9,83,395,0.8966,28.7818,-0.2126,88.4298
563,98,290,1800,0.1772,5.68966,-0.370798,72.2222
564,1100,1400,2100,0.1659,5.3254,4.84131,16.3636
565,241,652,1300,0.1691,5.42774,2.73865,34.3434
566,129,236,152,0.4613,14.807,1.65344,26.7717
567,146,899,4742,0.5725,18.3784,0.243,58.9333
568,16,855,845,0.4129,13.2554,5.4823,13.5135
569,119,1700,1200,0.243,7.80066,1.10947,24.1313
570,394,639,502,0.4458,14.3106,1.48305,23.913
571,163,491,405,0.3814,12.2426,0.852878,37.931
572,46,630,314,0.3637,11.6755,-0.790306,0.0
573,42,399,920,0.5534,17.7632,3.06905,50.8197
574,12,304,136,0.0912,2.92763,10.0,71.4286
575,728,880,2300,0.1727,5.54293,0.0825219,56.2319
576,128,821,3700,0.1284,4.12099,-0.177611,25.4717
577,5,31,152,1.0,50.0,1.4586,93.3333
578,334,3600,2600,0.187,3.36601,1.3913,24.1966
579,2000,15600,409,0.067,0.723646,5.36076,19.3103
580,116,390,924,0.2214,7.10827,0.328325,37.1257
581,160,3300,7500,0.0533,0.959002,10.0,74.5958
582,447,1300,1400,0.1908,6.12393,0.7465,30.2395
583,1800,2800,2100,0.0256,0.460317,-0.604961,11.4943
584,7,43,25,0.7141,22.9236,-2.21293,50.0
585,185,10400,790,0.1472,1.58993,-0.336927,30.1775
586,55,1500,5200,0.1155,3.70741,1.2987,92.6782
587,21,1400,7300,0.074,2.37698,1.3793,79.5987
588,826,1000,694,0.0748,2.4,1.1569,6.6667
589,732,1300,2000,0.1681,5.39744,1.45349,49.3902
590,441,968,912,0.2862,9.18848,0.487074,16.4179
591,133,6200,1700,0.0238,0.349463,-2.42248,94.0379
592,196,649,2400,0.0261,0.838897,2.34794,32.5
593,62,767,552,0.6918,22.2077,10.0,62.1705
594,95,1500,3600,0.0198,0.637037,0.6767,80.4124
595,15,3000,5700,0.2816,5.06889,-0.582977,0.0
596,16,2600,993,0.3863,6.95384,0.705882,26.0563
597,118,245,100,0.2169,6.96145,4.10336,47.5728
598,372,7800,6947,0.0031,0.045584,1.4949,0.0
599,60,205,534,0.2668,8.56369,0.926784,96.5517
600,98,550,4300,0.2108,6.76768,0.500668,44.7674
601,3800,8500,7500,0.0141,0.207843,1.31704,13.7615
602,1100,3600,535,0.037,0.665123,1.02599,20.9302
603,198,1600,6400,0.1563,5.01875,10.0,42.3333
604,270,13000,911,1.0,50.0,-1.36867,76.9902
605,111,1000,3200,0.248,7.96111,0.0717154,47.1014
606,105,464,1200,0.4372,14.0326,0.904977,55.4878
607,2600,1500,932,0.1619,5.19629,1.4539,22.9314
608,3,1400,7300,0.9479,30.4286,0.9764,86.6242
609,49,2400,1400,0.5594,10.069,10.0,61.4206
610,225,1900,6400,0.0189,0.605263,0.968992,27.451
611,1700,16200,5900,0.2537,2.74006,10.0,15.5941
612,26,305,1200,0.2173,6.97632,1.23839,58.3333
613,50,164,316,0.3873,12.4322,1.40143,11.3924
614,100,158,162,0.2454,7.87623,4.0144,34.8485
615,67,957,2000,0.3496,11.2226,6.41026,55.3506
616,204,258,328,0.114,3.66064,-1.41146,65.9341
617,59,777,964,0.7847,25.1873,1.95934,30.3922
618,19,1400,1300,0.2277,7.30803,0.5393,21.3256
619,388,1900,2400,0.4228,13.5731,1.01626,26.087
620,19,664,1600,0.3607,11.5787,0.571581,37.8277
621,201,1200,7500,0.0287,0.921296,-1.3655,73.494
622,274,1900,7300,0.0105,0.336842,4.67836,0.0
623,1000,2600,5100,0.0398,0.715812,-0.653595,31.7308
624,7800,81300,6700,0.007,0.0526669,10.0,15.1163
625,159,933,1200,0.2426,7.7885,1.79891,76.8844
626,72,1800,1800,0.3022,9.70062,1.05042,15.2866
627,203,911,1600,0.1698,5.45188,-0.315731,42.0833
628,28,986,649,0.2279,7.31672,-0.0370297,16.9643
629,1,379,481,0.2712,8.70712,-0.380463,53.3333
630,21,1300,2300,0.1803,5.78632,1.53374,0.0
631,1100,2400,4600,0.2317,4.1713,0.790514,27.563
632,62,3300,2300,0.3047,5.48485,1.14526,57.9336
633,38,442,2478,0.1569,5.03771,0.4585,50.0
634,1,225,410,0.3461,11.1111,1.62764,20.8333
635,1300,941,859,0.0298,0.95643,1.13122,7.6923
636,611,5000,6800,0.0527,0.948889,1.94932,56.0
637,9,69,131,0.316,10.1449,-2.45536,27.5862
638,42,694,3000,0.1723,5.53154,-0.579725,78.0612
639,18,531,3000,0.1548,4.96966,-1.25843,93.662
640,108,2100,3300,0.685,12.3307,3.01205,88.2557
641,51,666,3200,0.3147,10.1018,1.76803,43.0147
642,81,376,884,0.2601,8.34811,3.125,37.9845
643,73,291,1600,0.3652,11.722,0.7715,81.6456
644,332,1100,2800,0.0357,1.14646,10.0,22.2222
645,585,798,3900,0.0523,1.67781,-0.460617,85.2941
646,1800,1100,1700,0.1864,5.98442,1.79641,32.1519
647,172,1400,7500,0.1538,4.93698,0.8737,37.3288
648,20,792,5600,0.2893,9.28732,0.446901,90.2883
649,401,2200,5100,0.1355,2.43939,1.3518,37.3377
650,109,1300,724,0.2917,9.3641,1.49701,27.5229
651,21,890,5200,0.0404,1.29544,8.13008,49.4118
652,848,1500,4500,0.095,3.04815,1.28315,31.9149
653,132,234,811,0.1294,4.1548,1.60677,83.3333
654,26,507,525,0.6831,21.9283,0.212593,30.1818
655,257,976,342,0.0285,0.916439,-0.199016,42.5926
656,1700,738,1200,0.1046,3.35742,-0.332447,43.8889
657,22,1100,3500,0.1761,5.65341,1.81818,36.2069
658,2000,1600,2300,0.0328,1.05208,2.49169,43.0556
659,58,653,1156,0.1391,4.46656,0.5092,20.0
660,480,678,268,0.1395,4.47684,0.727625,28.4615
661,3300,2000,7500,0.0238,0.763889,1.92678,74.5902
662,37,750,994,0.1168,3.74815,0.421679,52.1429
663,401,1600,3900,0.0542,1.74038,0.8708,0.0
664,59,1100,3600,0.3147,10.101,10.0,17.7778
665,2312,5700,1202,0.0277,0.407407,0.3247,97.0874
666,449,2500,7500,0.1048,1.88667,0.739645,21.8045
667,133,507,918,0.0932,2.99145,0.5195,22.7273
668,5,40,147,0.3115,10.0,-0.4435,100.0
669,3400,5900,4700,0.032,0.469868,-0.306748,66.5289
670,487,1200,1400,0.2938,9.43056,1.2723,43.4442
671,1700,1500,989,0.1628,5.22593,1.1618,17.0213
672,756,2900,1100,0.1161,2.09004,9.62773,29.0816
673,586,2300,1700,0.1178,2.12077,1.71086,20.339
674,337,206,600,0.4822,15.48,3.04383,9.6774
675,54,363,531,0.4126,13.2443,1.6581,75.4839
676,1500,2100,1100,0.2492,4.48571,0.914634,48.1132
677,244,370,1300,0.3251,10.4354,0.101902,0.0
678,82,50,26,0.3254,10.4444,1.3484,35.0
679,288,753,2300,0.2082,6.68437,0.40203,28.5714
680,602,5700,1700,0.128,1.88103,0.322719,22.9391
681,23,169,574,0.4229,13.5766,0.220418,87.4346
682,12500,99800,1500,0.0349,0.261941,0.603475,12.9792
683,42,384,483,0.1373,4.40848,-0.577863,20.0
684,50,164,482,0.1995,6.40244,0.698921,85.2632
685,51,2300,2400,0.781,14.058,0.879765,28.8779
686,66,380,239,0.3584,11.5058,0.25641,80.2778
687,25,144,1000,0.0487,1.5625,2.14011,50.0
688,300,1200,3500,0.0306,0.981481,3.75,51.2195
689,1400,16800,7400,0.0262,0.283069,-0.324886,93.2927
690,100,875,1000,0.3635,11.6698,4.54513,53.0201
691,96,682,690,0.8829,28.3399,0.114188,23.4339
692,1700,817,1500,0.0934,2.99878,0.748865,33.5366
693,652,956,2000,0.2086,6.69457,0.769321,36.5591
694,9,2100,976,0.787,14.1666,2.06398,19.697
695,257,332,1900,0.0229,0.736278,-0.334934,50.0
696,72,1300,968,0.0875,2.80769,1.6129,42.5806
697,781,293,602,0.2995,9.6132,1.10373,13.7097
698,6,996,503,0.8664,27.8113,0.118835,31.875
699,4,955,789,1.0,40.2618,10.0,92.4771
700,750,1500,4100,0.033,1.05833,1.35624,32.2034
701,925,2000,2600,0.0137,0.438889,0.7789,56.6265
702,325,783,2500,0.0491,1.57514,-0.552309,78.5714
703,110,723,900,0.3155,10.1276,0.469078,44.5833
704,609,2700,7500,0.0167,0.300412,0.9874,40.9836
705,97,2300,4300,0.3801,6.84114,1.2656,32.243
706,17,1400,5600,0.2676,8.58928,1.3139,93.3185
707,447,2600,7500,0.0026,0.0472527,-0.694444,32.0
708,31,178,1600,0.6369,20.4432,-1.23035,0.0
709,719,1500,6900,0.0881,2.82857,1.41911,74.9004
710,104,806,611,0.4318,13.8593,0.837075,16.6667
711,537,885,1600,0.083,2.66534,0.447511,15.0943
712,34,1200,947,0.3183,10.2176,0.8314,0.0
713,353,1200,3500,0.0539,1.73148,1.77096,41.8803
714,89,1200,2500,0.0389,1.25,10.0,21.7391
715,631,2300,3300,0.0678,1.21981,7.63081,27.4286
716,19,280,144,0.4812,15.4464,0.263505,41.5842
717,156,1100,3200,0.1646,5.28283,1.80723,24.6006
718,17,1100,338,0.9264,29.738,0.9629,98.9205
719,25,100,130,0.3583,11.5,-0.176803,23.5294
720,127,753,907,0.0901,2.89213,-0.142008,26.087
721,160,2400,1100,0.3542,6.375,0.776398,49.0226
722,44,932,769,0.1829,5.87148,0.671478,43.9863
723,3,336,572,0.3678,11.8056,2.31849,42.8571
724,229,3700,2600,0.3734,6.72072,10.0,60.1578
725,122,931,867,0.482,15.4732,1.55116,50.5051
726,686,1300,5600,0.0347,1.11538,1.3708,18.3673
727,67,1200,5600,0.149,4.78431,1.6331,64.1026
728,75,290,137,0.3993,12.8161,-0.0624805,32.6667
729,55,908,1800,0.1531,4.91359,0.931572,17.9775
730,13,420,1600,0.3053,9.79854,1.15075,33.125
731,29,495,831,0.2748,8.82155,3.15758,25.8537
732,1,170,280,1.0,32.3529,0.211327,53.6585
733,994,1100,816,0.3735,11.9899,0.9019,23.1806
734,97,598,1100,0.3887,12.4768,-0.637435,13.369
735,15,299,266,0.3111,9.98567,0.690261,19.084
736,27,382,604,0.6534,20.9732,10.0,39.8438
737,212,1200,3500,0.1175,3.77315,0.776,0.0
738,149,638,890,0.0985,3.16092,0.667828,18.2796
739,333,724,982,0.2209,7.09024,0.510343,48.0769
740,6,493,432,1.0,40.568,2.55187,0.0
741,61,435,407,0.7801,25.0421,3.86378,45.1515
742,60,632,623,0.8224,26.3977,2.45552,52.0522
743,20,411,468,0.4973,15.9638,-4.59504,29.1005
744,291,492,30,0.2775,8.90921,0.446429,33.4802
745,38,611,577,0.7537,24.1953,0.242689,78.5194
746,180,1500,284,0.2486,7.98095,10.0,0.0
747,456,960,1200,0.4907,15.7523,10.0,15.0794
748,410,1300,403,0.2322,7.45299,1.50602,47.6619
749,40,480,621,0.6714,21.5509,1.98558,43.4911
750,5,510,398,1.0,32.451,3.43022,12.7168
751,2800,8400,5600,0.3835,5.63781,0.859,92.1137
752,119,278,638,0.3131,10.052,1.97981,50.9259
753,10,796,7200,0.5411,17.3681,-2.49035,95.3935
754,36,410,750,0.1769,5.67751,1.32467,61.3065
755,58,628,3988,0.1152,3.69781,1.67,49.5798
756,31,779,648,0.1297,4.16488,1.9656,38.5714
757,15,179,403,0.4647,14.9162,1.44135,57.5472
758,132,903,1000,0.2331,7.48123,1.34731,22.4138
759,29,218,2300,0.3835,12.3089,-0.703803,0.0
760,1,301,414,0.5796,18.6047,0.685501,32.0755
761,11,885,1700,0.273,8.7622,4.14157,90.0277
762,48,166,1500,0.2307,7.4061,10.0,61.9048
763,20,546,7400,0.18,5.77756,-0.352655,63.5762
764,708,1500,3840,0.0388,1.24444,0.8087,21.4286
765,36,180,108,0.1538,4.93827,-0.298063,75.0
766,14,180,1000,0.5538,17.7778,0.0991703,37.1429
767,851,6200,7500,0.0102,0.149641,0.581395,69.6629
768,86,255,317,0.1928,6.18736,2.02745,54.2169
769,295,2000,3400,0.1244,3.99444,10.0,41.6084
770,3,388,2200,0.2141,6.87285,4.22853,41.0256
771,13,1500,7500,0.4564,14.6518,4.57317,58.2192
772,45,645,3000,0.0448,1.43842,6.45508,34.375
773,57,3100,6200,0.0493,0.888046,0.8731,67.7966
774,159,564,150,0.2878,9.23956,2.01963,40.0
775,62,1500,7300,0.1127,3.61852,10.0,80.6742
776,551,3400,5500,0.0871,1.56699,1.75953,48.4009
777,531,4900,2400,0.0023,0.0408163,-1.00626,0.0
778,58,4100,5400,0.1377,2.47832,-0.438212,31.7479
779,1100,12100,4800,0.0162,0.17539,0.596303,37.5
780,27,349,1600,0.3858,12.3846,-0.688705,99.7567
781,173,631,84,0.3563,11.4369,4.67857,32.2275
782,1400,1200,1900,0.2028,6.50926,1.1921,16.5644
783,9,76,346,0.7287,23.3918,-0.898204,40.0
784,287,980,4100,0.2986,9.58617,0.0915751,18.0124
785,230,445,1700,0.1392,4.46795,10.0,35.6322
786,193,272,2400,0.084,2.69608,10.0,61.9048
787,90,1900,7500,0.0434,1.39181,6.45439,40.2685
788,1800,1800,4200,0.0083,0.265432,2.20588,52.6316
789,78,1700,7400,0.0265,0.851211,1.14329,67.2414
790,71,1200,4700,0.0483,1.55093,1.328,63.964
791,37,10200,4688,0.305,3.29357,-0.1765,82.716
792,423,875,3500,0.0465,1.49206,10.0,25.0
793,572,1900,7200,0.0138,0.44152,10.0,33.3333
794,22,9200,4900,0.2239,3.29076,0.214072,31.0165
795,867,1900,7300,0.0255,0.818713,1.0352,89.2857
796,13,416,443,0.4598,14.7596,3.84629,62.2951
797,278,2100,3600,0.3725,6.70588,3.01205,0.0
798,43,1200,3000,0.1809,5.80729,0.7472,100.0
799,15,185,4200,0.344,11.0425,10.0,84.058
800,139,2500,962,0.2207,3.97176,-1.91327,75.3388
801,1,1000,969,0.19,6.1,0.104674,30.1587
802,7,340,437,0.93,29.8529,0.435477,47.3214
803,60,427,376,0.6318,20.281,10.0,25.3886
804,80,305,539,0.429,13.7705,10.0,39.0071
805,89,699,270,0.3849,12.3538,0.749618,40.3315
806,20,525,511,0.5443,17.4709,2.43524,63.299
807,11,134,215,0.9028,28.9801,0.919118,42.0455
808,5,549,1100,0.4052,13.0055,3.39778,0.0
809,910,431,407,0.3783,12.1423,0.858738,20.8333
810,289,708,984,0.0785,2.51883,0.0509,46.0993
811,65,432,6300,0.1154,3.7037,1.09609,76.4706
812,44,243,177,0.4572,14.6776,1.12295,26.5306
813,1300,1200,1300,0.0676,2.1713,0.8692,13.3333
814,34,953,827,0.4293,13.781,0.71379,33.5958
815,10,476,777,0.3783,12.1429,0.632411,65.942
816,99,1200,799,0.118,3.78704,1.6331,29.2208
817,44,882,185,0.8872,28.4781,10.0,83.9202
818,3,28,25,0.2596,8.33333,0.649773,50.0
819,1000,1700,7500,0.0058,0.186275,1.2348,46.4286
820,76,328,416,0.4876,15.6504,0.167832,19.0476
821,197,81,53,0.1004,3.22359,0.7082,14.2857
822,227,449,506,0.1476,4.73892,-0.158623,19.6721
823,219,1500,5200,0.0649,2.08235,8.67052,53.9063
824,72,489,549,0.5758,18.4844,-0.110865,43.0233
825,128,432,395,0.2856,9.16923,-0.288169,30.6977
826,49,912,1100,0.0634,2.0346,-0.230664,0.0
827,26,1400,7300,0.1517,4.87013,1.3186,83.3333
828,251,20600,7500,0.0682,0.736516,-0.452803,25.1799
829,1100,8000,6200,0.0557,0.818056,1.93798,72.1088
830,215,3500,1000,0.055,0.990476,0.515996,43.2314
831,194,2500,6600,0.017,0.306667,3.54925,61.6667
832,1,1400,6500,0.109,3.5,-1.29032,69.0476
833,11,548,452,0.7817,25.0913,0.134505,26.2458
834,81,134,159,0.4431,14.223,0.135882,27.5
835,16,644,792,0.6326,20.3058,0.643087,33.4123
836,27,199,895,0.6401,20.5472,-0.445633,72.6852
837,155,15900,727,0.0369,0.398323,-0.110947,62.6632
838,181,841,2200,0.2091,6.71159,-0.0650214,37.3391
839,238,727,1000,0.518,16.6285,0.253582,13.6598
840,63,1000,751,0.4431,14.2222,0.9114,32.1839
841,27,291,1200,0.2343,7.52196,2.01654,24.2718
842,15,262,254,0.6888,22.112,0.632,17.341
843,622,1300,758,0.102,3.2735,5.23256,7.5
844,140,623,578,0.512,16.4348,1.19251,21.3287
845,96,660,1600,0.567,18.1996,0.590369,34.9398
846,66,235,340,0.2868,9.20696,2.24823,49.7076
847,198,3200,632,0.4196,7.55208,0.7192,98.0523
848,40,417,363,0.7002,22.4753,-0.877046,69.3446
849,72,87,234,0.2646,8.49298,0.8268,58.6207
850,153,970,714,0.2643,8.48306,0.0362476,39.7924
851,18,169,342,0.3372,10.8249,1.14351,66.4384
852,147,602,588,0.7187,23.0712,1.33136,39.8568
853,21,124,95,1.0,38.8441,-0.145455,97.2119
854,29,431,2400,0.1056,3.39005,5.36298,44.4444
855,567,2700,7400,0.0073,0.131687,0.666963,0.0
856,88,1500,1000,0.1943,6.23636,1.2843,32.3232
857,396,944,1700,0.3931,12.6177,1.21911,35.4762
858,201,771,800,0.1491,4.78455,0.439958,37.8238
859,11,973,6200,0.2713,8.70784,0.418076,83.1967
860,274,2300,7400,0.0233,0.42029,-0.753012,78.8462
861,301,1300,7500,0.0671,2.15385,-1.2987,58.9474
862,12,356,1100,0.2647,8.49719,0.103348,57.1429
863,3,77,552,0.7417,23.8095,-1.10197,42.8571
864,779,1000,7500,0.0216,0.694444,1.2124,40.7407
865,129,15200,1000,0.243,2.62406,-0.116023,40.8397
866,102,1100,1200,0.5961,19.1364,1.82927,0.0
867,63,1200,2700,0.5131,16.4706,0.8388,28.8848
868,27,47,19,0.545,17.4941,-0.363372,55.5556
869,425,2100,776,0.6098,10.9769,0.909091,47.2792
870,55,149,134,0.5004,16.0626,-0.3524,35.1064
871,141,1600,2500,0.403,12.9375,5.98802,49.7354
872,153,785,7456,0.1343,4.30998,-0.0451,72.9064
873,14,474,724,0.6525,20.9464,0.115808,50.2703
874,26,417,615,0.6562,21.0631,0.94697,27.3356
875,11,504,1100,0.7761,24.9118,1.52493,0.0
876,64,779,893,0.8026,25.7622,3.02982,34.2995
877,41,162,322,0.3312,10.631,-0.110873,44.8276
878,307,247,236,0.5641,18.1062,0.601308,22.3022
879,375,321,939,0.7252,23.278,-0.333611,73.8872
880,157,1700,997,0.1663,5.33725,10.0,37.6667
881,8,805,7400,0.8799,28.2453,-1.06326,93.3679
882,420,1400,3300,0.4084,13.1111,0.502,56.8123
883,42,664,2400,0.6743,21.6437,0.685358,69.8864
884,34,314,298,0.625,20.0637,0.234604,35.9833
885,6,24,33,0.3245,10.4167,1.61377,42.8571
886,20,336,375,0.7129,22.8836,1.4923,43.3213
887,54,281,188,0.4813,15.449,-2.16346,41.2162
888,157,695,381,0.9047,29.0394,10.0,58.7131
889,7,662,472,0.8674,27.8449,5.34034,74.9627
890,7,684,433,0.6279,20.1546,0.297177,64.9547
891,7,341,341,1.0,48.6804,1.43843,73.4118
892,10,240,155,0.8956,28.75,2.20901,60.0
893,19,491,286,0.8214,26.3655,1.36094,59.2233
894,88,972,760,0.48,15.4092,2.69993,46.3977
895,31,227,303,0.7197,23.1033,0.326131,62.8571
896,6,167,172,0.5037,16.1677,3.05149,44.0
897,35,239,422,0.512,16.4342,1.47195,61.6766
898,70,2200,757,0.4501,8.10101,1.0808,55.6835
899,59,474,1000,0.5364,17.2175,1.93072,25.6098
900,9,842,5600,0.224,7.19187,-0.581637,70.6731
901,74,602,1100,0.5318,17.0717,1.12233,44.1352
902,93,1200,711,0.1786,5.73333,0.8659,22.6148
903,32,346,687,1.0,39.7144,-0.152592,66.0241
904,37,1000,417,0.8273,26.5556,1.38547,0.0
905,21,1600,902,0.7145,22.934,1.4494,83.7462
906,35,1100,2900,0.1691,5.42857,1.0037,30.6773
907,13,1300,950,0.5315,17.0598,1.0233,46.9745
908,118,1400,3700,0.2478,7.95536,1.2385,0.0
909,11,662,4000,0.2405,7.72071,1.34234,71.2195
910,425,3500,7500,0.0966,1.73928,4.41176,40.0
911,1100,828,3500,0.024,0.771605,-1.24006,67.2727
912,55,1100,3000,0.4059,13.0303,1.97587,49.8715
913,123,3200,6100,0.6219,11.1944,1.88088,50.5281
914,47,846,1406,0.4716,15.1379,0.2616,37.5
915,20,240,918,0.2235,7.17593,0.0761,78.1022
916,26,1100,3500,0.3227,10.3576,3.71988,53.0612
917,86,951,7499,0.4794,15.3873,0.0383,49.7758
918,52,729,2400,0.6465,20.7514,0.259159,0.0
919,6,545,225,0.8037,25.7982,0.924556,47.4576
920,80,851,6400,0.0579,1.85754,10.0,69.9248
921,79,3100,4700,0.013,0.234767,-1.12931,89.1892
922,49,140,116,1.0,42.8175,-2.77864,75.6
923,18,291,490,0.7681,24.6564,3.4929,42.6829
924,32,346,720,0.4187,13.4393,8.9594,64.1148
925,8,1300,2500,0.2945,9.45192,-1.40056,54.5232
926,12,1900,1600,0.5063,16.2515,-4.03226,0.0
927,56,1200,3400,0.3619,11.6167,1.77096,0.0
928,40,1200,2900,0.255,8.18519,7.4418,0.0
929,10,80,11,0.4186,13.4375,1.4142,9.0909
930,8,49,42,0.7073,22.7041,1.59681,32.0
931,30,134,150,0.31,9.95025,0.857469,56.5217
932,545,1100,595,0.0653,2.09596,4.48407,19.6581
933,109,366,1100,0.0298,0.956284,10.0,25.9259
934,2,24,83,0.3245,10.4167,1.64294,50.0
935,241,4000,5900,0.1509,2.71667,1.42248,11.6223
936,10,294,445,0.4168,13.3787,7.97307,67.8322
937,11,42,11,0.6676,21.4286,1.0253,63.8889
938,112,625,2275,0.1714,5.50222,0.4092,45.5357
939,92,241,227,0.1293,4.14938,4.30062,55.9322
940,138,1300,328,0.3129,10.0433,1.46199,34.0237
941,5,222,1500,1.0,50.0,0.777672,84.9785
942,96,372,934,0.5809,18.6482,-0.191107,83.4963
943,180,1400,3200,0.3496,11.2206,1.39018,34.0589
944,9,603,7500,1.0,50.0,0.814349,98.2548
945,6,153,532,1.0,35.9477,3.69984,64.8438
946,157,1700,5900,0.1088,3.49346,10.0,60.4878
947,7,341,2200,0.1527,4.90154,-0.158562,69.863
948,228,1400,1500,0.2218,7.11905,0.6838,0.0
949,17,1700,3700,0.0503,1.61397,0.8645,73.4043
950,16,442,3400,0.7889,25.3243,0.779221,92.5878
951,2,176,371,1.0,36.3636,0.904159,23.5294
952,46,417,7500,0.6234,20.0107,4.42478,92.635
953,802,3400,996,0.2719,4.89379,-0.545951,58.6577
954,8,604,566,0.2672,8.57616,1.24275,50.3546
955,15,484,900,0.7908,25.3857,-0.523139,93.8931
956,51,2200,1300,0.5995,10.7914,0.7738,63.0062
957,42,624,703,0.7139,22.9167,1.11317,22.2857
958,72,1400,942,0.6919,22.2103,7.14286,65.1478
959,29,254,836,0.3925,12.5984,-0.424729,55.4913
960,491,1200,761,0.2173,6.97685,1.61377,28.5714
961,129,587,1900,0.1465,4.70376,0.219436,67.3913
962,13,172,948,0.2605,8.36315,-0.418293,93.4066
963,78,347,261,0.4818,15.4659,2.30224,62.9758
964,43,1400,1400,0.0073,0.234127,-1.18343,31.8182
965,95,637,2500,0.2883,9.25344,-0.388651,90.2748
966,104,1600,853,0.4448,14.2794,0.729,82.7011
967,47,515,429,0.499,16.0194,1.45728,0.0
968,46,14100,874,0.8419,9.09299,-0.374251,0.0
969,66,99,258,0.3357,10.7744,-0.863657,51.0638
970,28,860,2700,0.2276,7.3062,0.149206,57.0492
971,41,858,793,0.7328,23.5237,3.62301,35.7027
972,219,686,810,0.4032,12.9414,1.18577,48.6869
973,122,194,243,0.4086,13.1157,0.569909,32.4074
974,9,99,78,0.5389,17.298,0.18666,75.8065
975,57,983,688,0.5495,17.6387,0.786586,19.1781
976,415,865,2400,0.1288,4.13543,0.432963,47.861
977,30,5100,480,0.5115,7.51852,-0.69029,89.3905
978,33,320,1300,0.1323,4.24632,10.0,86.9159
979,124,854,652,0.5506,17.675,0.53219,37.2807
980,18,501,7400,0.2971,9.53648,-0.755659,85.9016
981,19,1000,4900,0.0897,2.87778,-1.6331,91.3462
982,244,2300,3000,0.0329,0.591788,0.6835,28.9855
983,442,1100,7300,0.0692,2.22222,0.8263,64.8485
984,50,385,2300,0.1636,5.25253,10.0,56.3492
985,805,6900,6200,0.1586,2.33078,-0.26455,85.6775
986,651,686,4000,0.0207,0.664075,10.0,40.0
987,1600,9900,5200,0.0145,0.213805,-1.72018,42.5
988,2,321,415,0.3203,10.2804,3.25591,13.0435
989,2100,690,1200,0.0216,0.692431,0.0257641,33.3333
990,704,274,876,0.0809,2.59529,1.37981,36.7347
991,13,191,854,0.2986,9.58518,0.975998,75.3623
992,3,29,146,1.0,50.0,-0.657895,96.5517
993,65,341,723,0.1705,5.4741,1.75406,19.7917
994,36,52,348,0.193,6.19658,5.29412,93.3333
995,8,613,4000,0.4021,12.9078,-0.175176,84.0
996,4,8000,557,1.0,50.0,-0.440788,97.6305
997,4,1100,413,0.9601,30.8182,0.515,34.5
998,2,407,266,0.4631,14.8649,0.267189,25.0
999,88,7400,319,0.682,10.0248,-0.243902,58.6942
1000,41,145,224,0.1289,4.13793,2.11069,19.4444
